cedula;nombre_completo;cargo;direccion;foto
31.887.945;Yadir Antonio Maldonado Nadales;Analista 2;Unidad de Telemática;yadir.jpg
26.386.962;Israfel Rodrigo Rosario Diaz;Asistente Administrativo;Unidad de Telemática;rodrigo.jpg
17.120.364;Jaenys Caridad Aguilera Brizuela;Jefa (E) de Relaciones Institucionales;Despacho del Contralor;jaenys.jpg
27.693.394;Delwin Eleazar Cortez Agelviz;Analista 2;Despacho del Contralor;delwin.jpg
19.559.544;Luis Antonio Suniaga Gonzalez ;Conductor;Despacho del Contralor;luis.jpg
19.512.534;Mayerling Ailec Obregon Rodriguez;Director (A) Adjunto al Despacho;Despacho del Contralor;mayerling.jpg
20.910.392;Jhosang Stephany Vasquez Molina;Auditor 2;Unidad de Auditoria Interna;jhosang.jpg
11.486.418;Rosiel Del Carmen Rendon Romero;Auditor Interno (E);Unidad de Auditoria Interna;rosiel.jpg
31.605.626;Gabriel Jesus Cartagena Guaipo;Asistente Administrativo;Oficina de Atención al Ciudadano (OAC);gabriel.jpg
30.815.687;Henyerlin Del Valle Franco Vazquez;Coordinadora de Area (E) de Información y Promoción de Participación Ciudadana;Oficina de Atención al Ciudadano (OAC);henyerlin.jpg
25.223.596;Brayner Ronald Cardenas Fernandez;Abogado 1;Oficina de Atención al Ciudadano (OAC);brayner.jpg
16.909.978;Danny Jose Rojas Angulo;Analista 2;Oficina de Atención al Ciudadano (OAC);danny.jpg
30.071.470;Miguel Eduardo Guevara Palacios;Asistente Administrativo;Oficina de Atención al Ciudadano (OAC);miguel_g.jpg
19.314.534;Ana Maria Mendoza Sanchez;Analista 2;Oficina de Atención al Ciudadano (OAC);ana.jpg
10.693.883;Mercy Yudely Castro Alvarez;Analista 1;Dirección de Administración y Servicios;mercy.jpg
10.486.701;Marly Lissette Guerrero de Rodriguez;Analista 2;Dirección de Administración y Servicios;marly.jpg
10.090.847;Zelandia Mireya Paredes Dalo;Analista 4;Dirección de Administración y Servicios;zelandia.jpg
26.994.167;Josue Samuel Alfaro Montenegro;Analista 2;Dirección de Administración y Servicios;josue.jpg
27.421.559;Dadrevim Ezequiel Prieto Rivas;Asistente Administrativo;Dirección de Administración y Servicios;dadrevim.jpg
23.068.006;Mariangeli Angelica Ponce Camacho;Analista 2;Dirección de Administración y Servicios;mariangeli.jpg
12.297.380;Joel Alexander Rodriguez Gonzalez ;Jefe (E) Unidad de Bienes;Dirección de Administración y Servicios;joel.jpg
10.521.462;Noraima Del Carmen Parra;Operadora de Servicios Generales;Dirección de Administración y Servicios;noraima.jpg
8.758.018;Francisco Jose Gonzalez Cartaya;Operador de Servicios Generales;Dirección de Administración y Servicios;francisco.jpg
14.688.901;Jesus Gerardo Martinez Puerta;Conductor;Dirección de Administración y Servicios;jesus.jpg
16.382.344;Windermar Jose Aguiar Ascanio;Operador de Servicios Generales;Dirección de Administración y Servicios;windermar.jpg
11.489.709;Lidia Kismayu Guaipo Zamora;Operadora de Servicios Generales;Dirección de Administración y Servicios;lidia.jpg
29.935.991;Edwind Edgardo Gomez Briceño;Operador de Servicios Generales;Dirección de Administración y Servicios;edwind.jpg
16.819.249;Maryelin Andrea Rojas Mejias;Supervisora de Mantenimiento;Dirección de Administración y Servicios;maryelin.jpg
17.119.395;Xander Eduardo Sandoval Tovar;Director de Administración y Servicios;Dirección de Administración y Servicios;xander.jpg
6.452.855;Miladys Maria Betancourt Briceño;Jefe (A) Unidad de Nómina;Dirección de Recursos Humanos;miladys.jpg
8.754.063;Zulay Coromoto Liebano Jimenes;Jefa (E) de Bienestar Social;Dirección de Recursos Humanos;zulay.jpg
15.488.720;Yarlis Esther Garcia Morelo;Analista 2;Dirección de Recursos Humanos;yarlis.jpg
11.486.896;Gustavo Andres Viera Echeverria;Director de Recursos Humanos;Dirección de Recursos Humanos;gustavo.jpg
18.092.713;Arlene Oriana Ponceleon Rausseo;Abogado 2;Dirección de Determinación de Responsabilidades;arlene.jpg
4.032.776;Jesus Maria Tovar;Director de Determinación de Responsabilidades;Dirección de Determinación de Responsabilidades;tovar.jpg
26.741.766;Juan Carlos Sanchez Duran;Auditor 1;Dirección de Control Posterior;juan.jpg
18.753.564;Anais Nairoby Hermoso Ortiz;Jefa de Actuaciones Fiscales (E);Dirección de Control Posterior;anais.jpg
26.250.462;Miguel Alfredo Silva Zurita;Auditor 1;Dirección de Control Posterior;miguel.jpg
27.770.165;Juan Alejandro Correa Diaz;Ingeniero 1;Dirección de Control Posterior;juanito.jpg
30.654.501;Anleydver Alejandro Rodriguez Fuenmayor;Auditor 1;Dirección de Control Posterior;anleydver.jpg
21.121.071;Yoselyn Alejandra Garcia Finol;Auditor 2;Dirección de Control Posterior;yoselyn.jpg
13.568.161;Francis Adolfina Linares de Pereira;Jefa (E) de Unidad de Potestad Investigativa;Dirección de Control Posterior;francis.jpg
12.683.559;Jean Olim Espinoza Martinez;Auditor 1;Dirección de Control Posterior;jean.jpg
4.835.240;Jose Cristobal Gonzalez Jaimes;Coordinador (E) del Area de Control y Seguimiento;Dirección de Control Posterior;gonzalez.jpg
13.124.277;Ingrid Roxana Bravo Amaya;Director (A) de Control Posterior;Dirección de Control Posterior;ingrid.jpg
6.707.144;Jose Luis Sarmiento Sanchez;Consultor Juridico;Unidad de Servicios Juridicos;sarmiento.jpg
8.760.687;Yuraima Rausseo Carvajal;Director (A) Oficina de Atención al Ciudadano;Oficina de Atención al Ciudadano (OAC);yuraima.jpg
18.955.123;Eidy Dariana;Operadora de Servicios Generales;Dirección de Administración y Servicios;eidy.jpg
